{
  "ultra_low_threshold": 0.06361283990013386,
  "low_threshold": 0.06817704960753439,
  "high_threshold": 0.07680210341220808
}